out_value,odds,premium_rate
500000, 0.2,0.0001
2000000, 0.6,0.00005
5000000,0.2,0.00001