filter_1,premium_rate
500000,0.0001
2000000,0.00005
5000000,0.00001